"UUID","UPLOADPATH","FILENAME","FILETYPE","BNO"
"21d0f18f-79fa-4c0b-90dd-0772e0045fc0","2020\07\24","attach.png","1",7622319
"8657d106-c5f4-4980-a644-ff8dcf12f8c3","2020\07\24","cat1.jfif","1",7622319
"79c21324-44de-4217-b950-2e9a7d6c5202","2020\07\24","cat2.jfif","1",7622319
"166d2a1c-39cc-4ca4-bccf-3cbc89e39a1f","2020\07\24","cat3.jfif","1",7622319
"74950e70-5f82-4d19-b4f2-f34f73cb6424","2020\07\24","cat7.png","1",7622319
"f7181776-65e5-443b-8bca-b5365eb3a06e","2020\07\24","고?미.jfif","1",7622319
"cbb0a3f9-dc13-49f0-b9f6-7fb8b61fdced","2020\07\23","고?미.jfif","1",7622274
"12396df5-f233-483f-b485-0187631450ff","2020\07\23","고?미.jfif","1",7622275
"fe351746-6e5f-4273-a3ed-aaa135765b5f","2020\07\23","Welcome to Word.hwdt","0",7622261
"2249ec5e-9a7c-46fe-a5ec-cdf4d8a70609","2020\07\23","고?미.jfif","1",7622262
"bf2975c8-0b34-4941-a12a-4228a3b5fcd3","2020\07\29","attach.png","1",7315624
"da512eac-2b3e-4d94-b989-e92fd27c43c2","2020\07\29","cat1.jfif","1",7315624
"93f181f7-ff37-4884-9ee8-a40e725437a7","2020\07\29","cat2.jfif","1",7315624
"04aa0599-3857-4b19-8b2a-3149338ed793","2020\07\29","고?미.jfif","1",7315624
"feadbdee-cae7-4ad2-9180-4e74bc3dcaea","2020\07\28","attach.png","1",7622338
"21e883ed-1eb1-46da-bba3-63f664c4e11e","2020\07\28","cat1.jfif","1",7622338
"fbc99279-7d5e-46a2-b32d-dcec77d08f40","2020\07\28","cat2.jfif","1",7622338
"13b23ce1-de9a-40e0-9d33-afc09fb5c6f9","2020\07\28","고?미.jfif","1",7622338
"087e584b-44b6-4484-b8bb-b5405921b82a","2020\07\23","고?미.jfif","1",7622282
"57057041-2c12-4bdd-af71-87c7af786258","2020\07\23","cat2.jfif","1",7622304
"09fd31cf-559a-4bb0-b884-0cc478350147","2020\07\23","cat7.png","1",7622286
"3a0e8834-1898-42db-95fd-35c8b17e89b0","2020\07\23","attach.png","1",7622288
"58dd2d90-f2cf-4612-a713-b760fcd16f07","2020\07\23","고?미.jfif","1",7622303
"372ef682-9c1d-4061-b4cd-ce6e5dd0b5bf","2020\07\23","고?미.jfif","1",7622305
